<?xml version="1.0" encoding="UTF-8"?>
<root>
  <item name="com.wdullaer.materialdatetimepicker.date.DatePickerDialog void set365Text(int) 0">
    <annotation name="android.support.annotation.AttrRes" />
  </item>
  <item name="com.wdullaer.materialdatetimepicker.date.DatePickerDialog void setCancelText(int) 0">
    <annotation name="android.support.annotation.AttrRes" />
  </item>
  <item name="com.wdullaer.materialdatetimepicker.date.DatePickerDialog void setMonthText(int) 0">
    <annotation name="android.support.annotation.AttrRes" />
  </item>
  <item name="com.wdullaer.materialdatetimepicker.date.DatePickerDialog void setOkText(int) 0">
    <annotation name="android.support.annotation.AttrRes" />
  </item>
</root>

